category_name,book_id
Fantasy,1
Horror,1
Science Fiction,1
Classics,1
Classics,2
Comedy,2
Self-help,2
Dystopian,2
Historical Fiction,3
Mystery,3
Self-help,3
Thriller,3
Science Fiction,3
Romance,4
Science Fiction,4
Poetry,4
Science Fiction,4
Comedy,5
Mystery,5
Dystopian,6
Adventure,6
Children's,6
Horror,6
Romance,7
Mystery,8
Short Stories,8
Short Stories,8
Children's,9
Young Adult,9
Travel,9
Young Adult,10
Fantasy,10
Children's,10
Short Stories,10
Science Fiction,11
Poetry,12
Horror,12
Travel,12
Biography,12
Horror,13
Horror,13
Philosophy,14
Poetry,14
Children's,14
Biography,14
Poetry,15
Dystopian,15
Poetry,15
Thriller,16
Fantasy,17
Classics,17
Self-help,18
Poetry,18
Romance,18
Poetry,18
Horror,19
Crime,20
Comedy,20
Short Stories,20
Poetry,21
Classics,21
Romance,21
Mystery,21
Biography,22
Historical Fiction,22
Philosophy,22
Dystopian,23
Fantasy,23
Horror,23
Mystery,23
Mystery,24
Short Stories,24
Fantasy,24
Self-help,24
Thriller,25
Adventure,25
Thriller,25
Self-help,26
Crime,26
Poetry,26
Short Stories,26
Young Adult,26
Children's,27
Adventure,28
Poetry,28
Thriller,28
Horror,28
Poetry,29
Romance,29
Short Stories,29
Comedy,29
Adventure,29
Fantasy,30
Travel,31
Short Stories,31
Travel,31
Romance,31
Travel,32
Young Adult,32
Poetry,32
Travel,33
Comedy,34
Historical Fiction,34
Travel,34
Biography,35
Horror,36
Romance,36
Crime,36
Science Fiction,37
Dystopian,38
Self-help,38
Romance,38
Romance,39
Travel,39
Dystopian,39
Self-help,40
Romance,40
Historical Fiction,40
Poetry,40
Comedy,41
Dystopian,42
Science Fiction,42
Children's,43
Comedy,43
Dystopian,43
Classics,43
Mystery,44
Self-help,44
Science Fiction,45
Dystopian,45
Philosophy,45
Romance,45
Adventure,45
Science Fiction,46
Short Stories,46
Classics,46
Science Fiction,47
Children's,47
Short Stories,47
Self-help,48
Short Stories,48
Self-help,48
Children's,48
Classics,48
Adventure,49
Mystery,49
Historical Fiction,50
Adventure,50
Romance,50
Horror,50
Travel,50
Horror,51
Historical Fiction,52
Children's,53
Poetry,53
Historical Fiction,53
Poetry,53
Travel,53
Poetry,54
Thriller,54
Adventure,54
Dystopian,55
Horror,55
Classics,55
Crime,55
Philosophy,56
Biography,56
Mystery,56
Young Adult,56
Historical Fiction,56
Children's,57
Science Fiction,57
Romance,57
Romance,57
Classics,57
Biography,58
Young Adult,59
Adventure,59
Comedy,59
Comedy,59
Travel,60
Comedy,60
Short Stories,60
Children's,60
Self-help,61
Thriller,62
Travel,62
Science Fiction,63
Fantasy,63
Poetry,63
Horror,64
Adventure,64
Comedy,64
Dystopian,64
Science Fiction,64
Children's,65
Poetry,65
Thriller,65
Young Adult,65
Comedy,65
Short Stories,66
Young Adult,66
Short Stories,66
Romance,66
Thriller,67
Fantasy,67
Travel,67
Science Fiction,67
Children's,67
Young Adult,68
Fantasy,68
Historical Fiction,69
Thriller,69
Comedy,70
Self-help,71
Classics,71
Crime,71
Young Adult,71
Poetry,72
Children's,72
Travel,72
Comedy,72
Historical Fiction,73
Self-help,73
Romance,73
Horror,74
Historical Fiction,74
Philosophy,74
Horror,74
Science Fiction,74
Poetry,75
Short Stories,75
Adventure,75
Fantasy,76
Self-help,77
Poetry,77
Short Stories,77
Classics,78
Self-help,78
Classics,78
Romance,78
Children's,79
Biography,79
Poetry,79
Thriller,79
Adventure,80
Short Stories,80
Comedy,80
Fantasy,80
Romance,81
Classics,81
Adventure,82
Children's,83
Self-help,84
Adventure,85
Poetry,85
Philosophy,86
Self-help,86
Historical Fiction,86
Crime,86
Self-help,87
Children's,87
Comedy,87
Philosophy,87
Travel,87
Thriller,88
Horror,88
Philosophy,88
Mystery,88
Travel,88
Historical Fiction,89
Thriller,90
Historical Fiction,90
Classics,90
Mystery,90
Historical Fiction,91
Fantasy,91
Adventure,92
Historical Fiction,92
Philosophy,92
Crime,92
Crime,93
Children's,94
Horror,94
Philosophy,94
Children's,94
Young Adult,94
Mystery,95
Short Stories,96
Travel,96
Thriller,96
Science Fiction,96
Horror,97
Mystery,98
Travel,98
Adventure,98
Travel,98
Romance,98
Poetry,99
Travel,99
Mystery,99
Adventure,99
Fantasy,99
Fantasy,100
Short Stories,100
Poetry,100
Young Adult,100
