user_id,school_id,username,password,first_name,last_name,approval_status,age,role
1,1,brady.borer,0a988db7111c32bfa3d803fcf561249d,Manley,Koepp,Approved,35,Operator
2,2,jhammes,54555509cc866f88833ea72545ed8b86,Summer,Weber IV,Approved,47,Operator
3,3,jimmy16,9854671a25435b1f28d54bb203d8b4af,Kenneth,Bernier I,Approved,25,Operator
4,4,bcasper,b2e41ba3fbf0f2c54e7aa0d5db155947,Carleton,Nitzsche,Approved,61,Operator
5,5,howard.emmerich,280ab5abff345a6546396275cae2b830,Dr. Hank,Lubowitz Sr.,Approved,45,Operator
6,6,dietrich.roger,80e8965d4028bc0ed9a3cf222e63a744,Brennon,Stark,Approved,41,Operator
7,7,gulgowski.bonnie,19baa65258854102527fa70a52d9cb64,Mrs. Kavon,Macejkovic V,Approved,29,Operator
8,8,monte25,78a8be4adc5ae0191dd8b1d84308e8e9,Margarett,Kihn,Approved,31,Operator
9,9,jaycee.cormier,ff348d657eaaef1cb93c08738859b257,Prof. Moriah,Weber Jr.,Approved,31,Operator
10,10,madie63,0a678b83fd5a782df8d3288a662d0582,Buck,Hoppe Jr.,Approved,28,Operator
12,7,lwisozk,5a733bc05c9e3ca141e894387873be99,Alaina,Von,Approved,14,Student
13,3,bernhard.keegan,cba1c6a2c644f357f48d5fee5251619a,Cassandre,Krajcik,Approved,15,Student
14,5,leuschke.selmer,16675c1d67e98e88fada7aecaf0f61f3,Katherine,Wilderman,Approved,15,Student
15,5,hilma88,c0f8bd9dee43e20375d272d7cec9aa11,Shane,Kunze,Approved,16,Student
16,9,greenholt.jordan,c34104d380c7c8e5258563a9e72b824b,Lavon,Christiansen,Approved,14,Student
17,6,vandervort.raegan,2f36ddb47881a636cbfc2bf6f0cb2872,Gabriella,Blanda,Approved,12,Student
18,3,srolfson,02a9355f574df51b0f2e38698ff2acc1,Brooke,Oberbrunner,Approved,12,Student
19,1,ubode,f6995b57cfa9ff3bfa9b1144686716b7,Rodger,Boyle,Approved,18,Student
20,4,modesto.harber,8252d13f4db589dec2053c723bfd61a0,Brandyn,Cassin,Approved,17,Student
21,7,kbartoletti,bb96774c71a1e7790657172814a65b2d,Lurline,Dickens,Approved,13,Student
22,7,nframi,00e9dff94d82c7f063b617e4f905e428,Omari,Schmitt,Approved,16,Student
23,5,daphney29,0390d0928df5d3913cd1162c2a91ed79,Ari,Runolfsson,Approved,15,Student
24,2,stephania.windler,3846ae5d501b7503bf4a1f10ec1f2709,Gavin,Erdman,Approved,17,Student
25,10,fletcher48,ff043bd9ccc64aade31eefcc3ed397b1,Jack,Monahan,Approved,14,Student
26,4,jstoltenberg,28dfa75a5f42a08f532c4f0e213ecec8,Gerry,Hermann,Approved,14,Student
27,5,renner.verla,cbb6a6b50048e993c0f9345da81e4a0b,Mallie,Walker,Approved,15,Student
28,2,evelyn00,c11536f83507bb7969aae8afef140539,Americo,Hamill,Approved,18,Student
29,10,nicholaus.toy,3889f084b057ebacde550566650e3525,Israel,Nienow,Approved,14,Student
30,9,mikel.doyle,9ba026562a65173a532a702301b2f65a,Kelvin,Wuckert,Approved,13,Student
31,10,pcorwin,08c20d68c06ad470319949cf8794ee57,Wilma,Pacocha,Approved,12,Student
32,10,guiseppe.ruecker,0459de2fddd34e79b6e28da1e56f6b33,Yasmeen,D'Amore,Approved,12,Student
33,6,daugherty.aida,13c960b7947185813370f5719c6d9caa,Green,Schamberger,Approved,13,Student
34,3,co'hara,33009790bf3ad7620987861a22191483,Brandt,O'Connell,Approved,13,Student
35,4,gladyce.waelchi,f0409737983ae802a94f6b36a76c2801,Adolph,Block,Approved,13,Student
36,8,mellie58,698dc01ddc382309b85957c3b5cbb1eb,Delpha,Hackett,Approved,13,Student
37,5,nsatterfield,bf0dca0571386d69704d107791f25b67,Katrine,Fadel,Approved,14,Student
38,2,monahan.rafael,ac5841829141d676dc8d9715574892a7,Solon,Schuster,Approved,15,Student
39,10,koss.dillon,553eea05e08040d0f71fb7de27a775b0,Melba,Leffler,Approved,16,Student
40,7,esteban.hahn,aefba05708c7c1a7a27e46c504ad0290,Torrance,Fahey,Approved,15,Student
41,7,herbert.fahey,7976c898d327b57efeb37fe2e7164127,Clint,Gleichner,Approved,14,Student
42,4,charlotte91,ecadceea4cb104e0e6c8b5314cb450ea,Dewitt,Christiansen,Approved,13,Student
43,4,skyla.schmeler,2e4ac882c779f4d154483c2e8f94b536,Ansley,Quitzon,Approved,12,Student
44,4,vweissnat,37c6de6be4e73c223962a5c196de213f,Brant,Quigley,Approved,13,Student
45,6,kayleigh39,f4fc879dbbe3510bf46275c9c7bb9e12,Raegan,Ernser,Approved,14,Student
46,3,hilario80,39e58a053333c418fe49dec1dd2d96d9,Pinkie,Hilll,Approved,15,Student
47,2,milton33,1918110e8f1c0b6d4aea830a64d0afc8,Myrna,Trantow,Approved,17,Student
48,8,kadin90,bcf1ba67d9398f249691a8cb496c59ba,Leon,Bernier,Approved,18,Student
49,2,marcelo.kunde,bb80e7a13c1bd188bea1352d838e3383,Margot,Frami,Approved,14,Student
50,3,anais41,2f609ea553c4eaddefe5fa172bba9133,Mallory,Glover,Approved,15,Student
51,6,bobbie.feest,8e40d2afe765f9542e54ccdbf6ca865f,Justina,Crona,Approved,15,Student
52,9,welch.robyn,21a8843e5a0c8d756a8860890bfaec81,Jade,Morar,Approved,14,Student
53,8,jhaley,ed75730452ebd8c7c8843c632acbae32,Ernesto,Toy,Approved,16,Student
54,7,randi.leffler,4baa401528fdb5746ff80ed0a88c6d34,Demarco,Hahn,Approved,14,Student
55,5,rosenbaum.raymundo,c9d3467e10b071bd58a236da8b31fb3d,Sim,Hegmann,Approved,16,Student
56,3,kertzmann.justus,f6cfc41dd45f8ac8a0f51a246a7d17b0,Sylvester,Adams,Approved,22,Teacher
57,2,lucienne.hane,3ca34666b579382b4bf21786f8f7b81b,Ariel,Hane,Approved,29,Teacher
58,1,mmurphy,a3cf98e9620bc2311d7370d02d860429,Edwina,Leffler,Approved,34,Teacher
59,4,buddy.rolfson,1277d44659b30cb5f381e82815541457,Annabell,Bashirian,Approved,61,Teacher
60,5,kshlerin.durward,5a6c680c0e59caa4670764046e55f6cd,Janis,Hand,Approved,45,Teacher
61,6,katrine.dibbert,38388663ccb469e698f665af9700a7ea,Dave,Kuhlman,Approved,43,Teacher
62,9,wreichel,1e6f3d698ba9de34489c499d8917c1b6,Adonis,Fay,Approved,62,Teacher
63,9,diego04,02300cf2b18082b7ced3e3578ac713af,Camila,Effertz,Approved,31,Teacher
64,9,angie32,236389e952c24f82dc285a47cd9df55f,Davion,Rau,Approved,38,Teacher
65,8,jarrett29,920dca471baef42041eccdc6a7bee757,Madge,King,Approved,39,Teacher
66,7,leonora27,3c9bf8d13d249d282da42380bedfab88,Petra,Schumm,Approved,40,Teacher
67,4,pollich.adam,f3a7ae6ba75d484ab53a14b49576d6f9,Elton,Luettgen,Approved,53,Teacher
68,1,marina50,9d02b54d1da6027844a208bde8dc0388,Lucius,Hudson,Approved,51,Teacher
69,2,uleffler,15e513b8f9af16e29f6a514572b244b2,Camilla,Boyle,Approved,36,Teacher
70,10,kheidenreich,a3b6bd7c01e8617334d82fda5df4faf8,Florencio,Bechtelar,Approved,37,Teacher
71,10,kskiles,e4d6c4d52cd4802a2355281d787fe0e4,Dawn,Trantow,Approved,45,Teacher
72,3,gstamm,faeb6f11627dc4d68c2378ec3c2aa1e4,Amya,Gusikowski,Approved,46,Teacher
73,10,kozey.jettie,888f1a091cce9b92f6f15246b8d9c1a6,Dillan,Treutel,Approved,42,Teacher
74,5,scotty.douglas,16338d4904ed65e3b96bbff88880cabe,Alia,Herzog,Approved,65,Teacher
11,,oslab34,bfc92e6d8f,Stergos,Seretsis,Approved,41,Administrator
